member_id,name,party,gender,reelected,electoral_district,latest_age
T2T8225E,강경숙,조국혁신당,여,초선,비례대표,22
L2I9861C,강대식,국민의힘,남,재선,대구 동구군위군을,22
8P37634C,강득구,더불어민주당,남,재선,경기 안양시만안구,22
9901388T,강명구,국민의힘,남,초선,경북 구미시을,22
GX22581L,강민국,국민의힘,남,재선,경남 진주시을,22
NQO7187X,강선영,국민의힘,여,초선,비례대표,22
MNZ4401T,강선우,더불어민주당,여,재선,서울 강서구갑,22
42K7317Y,강승규,국민의힘,남,재선,충남 홍성군예산군,22
Q129715Y,강유정,더불어민주당,여,초선,비례대표,22
5KV96424,강준현,더불어민주당,남,재선,세종특별자치시을,22
TRE2429O,강훈식,더불어민주당,남,3선,충남 아산시을,22
HS39431V,고동진,국민의힘,남,초선,서울 강남구병,22
WCD5518S,고민정,더불어민주당,여,재선,서울 광진구을,22
REG96285,곽규택,국민의힘,남,초선,부산 서구동구,22
FIE6569O,곽상언,더불어민주당,남,초선,서울 종로구,22
7469929V,구자근,국민의힘,남,재선,경북 구미시갑,22
GDG1847Z,권성동,국민의힘,남,5선,강원 강릉시,22
LG63087O,권영세,국민의힘,남,5선,서울 용산구,22
LYY5513O,권영진,국민의힘,남,재선,대구 달서구병,22
C7E79345,권칠승,더불어민주당,남,3선,경기 화성시병,22
EFU76868,권향엽,더불어민주당,여,초선,전남 순천시광양시곡성군구례군을,22
TQP7167T,김건,국민의힘,남,초선,비례대표,22
X1K3667J,김교흥,더불어민주당,남,3선,인천 서구갑,22
HE08888N,김기웅,국민의힘,남,초선,대구 중구남구,22
3CC88975,김기표,더불어민주당,남,초선,경기 부천시을,22
X7I4680R,김기현,국민의힘,남,5선,울산 남구을,22
IUX1829H,김남근,더불어민주당,남,초선,서울 성북구을,22
NXB3178C,김남희,더불어민주당,여,초선,경기 광명시을,22
ANS8383S,김대식,국민의힘,남,초선,부산 사상구,22
LH97552Q,김도읍,국민의힘,남,4선,부산 강서구,22
MIS62075,김동아,더불어민주당,남,초선,서울 서대문구갑,22
86R9476S,김문수,더불어민주당,남,초선,전남 순천시광양시곡성군구례군갑,22
3BC6890E,김미애,국민의힘,여,재선,부산 해운대구을,22
MLH1404S,김민석,더불어민주당,남,4선,서울 영등포구을,22
TCP9838Y,김민전,국민의힘,여,초선,비례대표,22
8Q88373R,김병기,더불어민주당,남,3선,서울 동작구갑,22
GF286398,김병주,더불어민주당,남,재선,경기 남양주시을,22
VDN5593C,김상욱,국민의힘,남,초선,울산 남구갑,22
1Y73132H,김상훈,국민의힘,남,4선,대구 서구,22
ZYP7962W,김석기,국민의힘,남,3선,경북 경주시,22
JNL7001A,김선교,국민의힘,남,재선,경기 여주시양평군,22
7GW5372Y,김선민,조국혁신당,여,초선,비례대표,22
9D939735,김성원,국민의힘,남,3선,경기 동두천시양주시연천구을,22
XSP20229,김성환,더불어민주당,남,3선,서울 노원구을,22
88O1334C,김성회,더불어민주당,남,초선,경기 고양시갑,22
1SR94244,김소희,국민의힘,여,초선,비례대표,22
5K93695T,김승수,국민의힘,남,재선,대구 북구을,22
ATB59635,김승원,더불어민주당,남,재선,경기 수원시갑,22
B7D7534L,김영배,더불어민주당,남,재선,서울 성북구갑,22
5765663F,김영진,더불어민주당,남,3선,경기 수원시병,22
7BM2933Y,김영호,더불어민주당,남,3선,서울 서대문구을,22
8O34202I,김영환,더불어민주당,남,초선,경기 고양시정,22
CNZ51556,김예지,국민의힘,여,재선,비례대표,22
NB64509Z,김용만,더불어민주당,남,초선,경기 하남시을,22
OFE45081,김용민,더불어민주당,남,재선,경기 남양주시병,22
EPI69383,김용태,국민의힘,남,초선,경기 포천시가평군,22
3UI95829,김우영,더불어민주당,남,초선,서울 은평구을,22
4L695580,김원이,더불어민주당,남,재선,전남 목포시,22
LCZ1711I,김위상,국민의힘,남,초선,비례대표,22
5N65159P,김윤,더불어민주당,남,초선,비례대표,22
JZY9937U,김윤덕,더불어민주당,남,3선,전북 전주시갑,22
L5P27909,김은혜,국민의힘,여,재선,경기 성남시분당구을,22
X7E7893P,김장겸,국민의힘,남,초선,비례대표,22
57B28032,김재섭,국민의힘,남,초선,서울 도봉구갑,22
DMP1439I,김재원,조국혁신당,여,초선,비례대표,22
E1J8836Y,김정재,국민의힘,여,3선,경북 포항시북구,22
9LD2641Q,김정호,더불어민주당,남,3선,경남 김해시을,22
M2Q9024I,김종민,무소속,남,3선,세종특별자치시갑,22
N378078V,김종양,국민의힘,남,초선,경남 창원시의창구,22
D6U6678O,김주영,더불어민주당,남,재선,경기 김포시갑,22
YM42715P,김준혁,더불어민주당,남,초선,경기 수원시정,22
8A05621B,김준형,조국혁신당,남,초선,비례대표,22
1WE5693J,김태년,더불어민주당,남,5선,경기 성남시수정구,22
6WK3815W,김태선,더불어민주당,남,초선,울산 동구,22
P0F1530P,김태호,국민의힘,남,4선,경남 양산시을,22
NUB4941Z,김한규,더불어민주당,남,재선,제주 제주시을,22
7YL9580G,김현,더불어민주당,여,재선,경기 안산시을,22
6VC83722,김현정,더불어민주당,남,초선,경기 평택시병 ,22
JEZ3130Q,김형동,국민의힘,남,재선,경북 안동시예천군,22
HRG9655C,김희정,국민의힘,여,3선,부산 연제구,22
SLW27496,나경원,국민의힘,여,5선,서울 동작구을,22
04T3751T,남인순,더불어민주당,여,4선,서울 송파구병,22
RUZ25800,노종면,더불어민주당,남,초선,인천 부평구갑,22
FJK3396E,맹성규,더불어민주당,남,3선,인천 남동구갑,22
J1G57517,모경종,더불어민주당,남,초선,인천 서구병,22
GRP3908I,문금주,더불어민주당,남,초선,전남 고흥군보성군장흥군강진군,22
D9I3309M,문대림,더불어민주당,남,초선,제주 제주시갑,22
GOC54665,문정복,더불어민주당,여,재선,경기 시흥시갑,22
4U29186R,문진석,더불어민주당,남,재선,충남 천안시갑,22
TZ228122,민병덕,더불어민주당,남,재선,경기 안양시동안구갑,22
VRY5522V,민형배,더불어민주당,남,재선,광주 광산구을,22
O6D8329R,민홍철,더불어민주당,남,4선,경남 김해시갑,22
IWR8966I,박균택,더불어민주당,남,초선,광주 광산구갑,22
W4X85128,박대출,국민의힘,남,4선,경남 진주시갑,22
N4R2421C,박덕흠,국민의힘,남,4선,충북 보은군옥천군영동군괴산군,22
M4O5221T,박민규,더불어민주당,남,초선,서울 관악구갑,22
7R156073,박범계,더불어민주당,남,4선,대전 서구을,22
VA04150X,박상웅,국민의힘,남,초선,경남 밀양시의령군함안군창녕군,22
HXT76735,박상혁,더불어민주당,남,재선,경기 김포시을,22
VZA76236,박선원,더불어민주당,남,초선,인천 부평구을,22
X3170462,박성민,국민의힘,남,재선,울산 중구,22
IL74008M,박성준,더불어민주당,남,재선,서울 중구성동구을,22
NX534083,박성훈,국민의힘,남,초선,부산 북구을,22
Y0X4618N,박수민,국민의힘,남,초선,서울 강남구을,22
FU87526G,박수영,국민의힘,남,재선,부산 남구,22
5TQ6306B,박수현,더불어민주당,남,재선,충남 공주시부여군청양군,22
1JI2689F,박용갑,더불어민주당,남,초선,대전 중구,22
1A82234K,박은정,조국혁신당,여,초선,비례대표,22
4019850M,박정,더불어민주당,남,3선,경기 파주시을,22
6RD62559,박정하,국민의힘,남,재선,강원 원주시갑,22
HVV5250J,박정현,더불어민주당,여,초선,대전 대덕구,22
AEJ19639,박정훈,국민의힘,남,초선,서울 송파구갑,22
6AU2417B,박주민,더불어민주당,남,3선,서울 은평구갑,22
G6W8250J,박준태,국민의힘,남,초선,비례대표,22
8BF5855P,박지원,더불어민주당,남,5선,전남 해남군완도군진도군,22
EMH4976E,박지혜,더불어민주당,여,초선,경기 의정부시갑,22
BT62420K,박찬대,더불어민주당,남,3선,인천 연수구갑,22
GP21946O,박충권,국민의힘,남,초선,비례대표,22
E2B3753X,박해철,더불어민주당,남,초선,경기 안산시병,22
6U243644,박형수,국민의힘,남,재선,경북 의성군청송군영덕군울진군,22
S824682L,박홍근,더불어민주당,남,4선,서울 중랑구을,22
ZW43496R,박홍배,더불어민주당,남,초선,비례대표,22
43Q3892U,박희승,더불어민주당,남,초선,전북 남원시장수군임실군순창군,22
QQP4727N,배준영,국민의힘,남,재선,인천 중구강화군옹진군,22
4X525582,배현진,국민의힘,여,재선,서울 송파구을,22
MDC3257K,백승아,더불어민주당,여,초선,비례대표,22
CAA7713A,백종헌,국민의힘,남,재선,부산 금정구,22
HSS7466Y,백혜련,더불어민주당,여,3선,경기 수원시을,22
GJ56729D,복기왕,더불어민주당,남,재선,충남 아산시갑,22
6I88973D,부승찬,더불어민주당,남,초선,경기 용인시병,22
QQ429063,서명옥,국민의힘,여,초선,서울 강남구갑,22
51A45980,서미화,더불어민주당,여,초선,비례대표,22
L7J93733,서범수,국민의힘,남,재선,울산 울주군,22
FOK3459D,서삼석,더불어민주당,남,3선,전남 영암군무안군신안군,22
TKJ4800F,서영교,더불어민주당,여,4선,서울 중랑구갑,22
XR24352K,서영석,더불어민주당,남,재선,경기 부천시갑,22
80C5885Z,서왕진,조국혁신당,남,초선,비례대표,22
MR210505,서일준,국민의힘,남,재선,경남 거제시,22
P7U7800Z,서지영,국민의힘,여,초선,부산 동래구,22
JP222486,서천호,국민의힘,남,초선,경남 사천시남해군하동군,22
7XY7109I,성일종,국민의힘,남,3선,충남 서산시태안군,22
ZDR63255,소병훈,더불어민주당,남,3선,경기 광주시갑,22
JSA8739I,손명수,더불어민주당,남,초선,경기 용인시을,22
SQ36001H,송기헌,더불어민주당,남,3선,강원 원주시을,22
CNW5754J,송석준,국민의힘,남,3선,경기 이천시,22
6EN68926,송언석,국민의힘,남,3선,경북 김천시,22
3249208I,송옥주,더불어민주당,여,3선,경기 화성시갑,22
RG972910,송재봉,더불어민주당,남,초선,충북 청주시청원구,22
OWD1018N,신동욱,국민의힘,남,초선,서울 서초구을,22
RMC1840P,신성범,국민의힘,남,3선,경남 산청군함양군거창군합천군,22
AFH96856,신영대,더불어민주당,남,재선,전북 군산시김제시부안군갑,22
NPD75153,신장식,조국혁신당,남,초선,비례대표,22
M7O7878U,신정훈,더불어민주당,남,3선,전남 나주시화순군,22
TST4507I,안규백,더불어민주당,남,5선,서울 동대문구갑,22
EB16073M,안도걸,더불어민주당,남,초선,광주 동구남구을,22
PYA8594I,안상훈,국민의힘,남,초선,비례대표,22
YOG1280B,안철수,국민의힘,남,4선,경기 성남시분당구갑,22
W8L9421K,안태준,더불어민주당,남,초선,경기 광주시을,22
XEF29171,안호영,더불어민주당,남,3선,전북 완주군진안군무주군,22
3OQ8273H,양문석,더불어민주당,남,초선,경기 안산시갑,22
CK143054,양부남,더불어민주당,남,초선,광주 서구을,22
8FB1535Y,어기구,더불어민주당,남,3선,충남 당진시,22
8348421R,엄태영,국민의힘,남,재선,충북 제천시단양군,22
URX8075K,염태영,더불어민주당,남,초선,경기 수원시무,22
OIA3741M,오기형,더불어민주당,남,재선,서울 도봉구을,22
BRU2690F,오세희,더불어민주당,여,초선,비례대표,22
GE71932C,용혜인,기본소득당,여,재선,비례대표,22
XBT9550Q,우원식,무소속,남,5선,서울 노원구갑,22
8UC4779G,우재준,국민의힘,남,초선,대구 북구갑,22
RQQ3807K,위성곤,더불어민주당,남,3선,제주 서귀포시,22
T9E37304,위성락,더불어민주당,남,초선,비례대표,22
GX38539O,유동수,더불어민주당,남,3선,인천 계양구갑,22
MU69217P,유상범,국민의힘,남,재선,강원 홍천군횡성군영월군평창군,22
JZV5283U,유영하,국민의힘,남,초선,대구 달서구갑,22
KBK8836C,유용원,국민의힘,남,초선,비례대표,22
GP07421U,윤건영,더불어민주당,남,재선,서울 구로구을,22
MSY7784L,윤상현,국민의힘,남,5선,인천 동구미추홀구을,22
9VR65006,윤영석,국민의힘,남,4선,경남 양산시갑,22
ZRF3039U,윤재옥,국민의힘,남,4선,대구 달서구을,22
MQK9493H,윤종군,더불어민주당,남,초선,경기 안성시,22
3TP65086,윤종오,진보당,남,재선,울산 북구,22
JC14718Q,윤준병,더불어민주당,남,재선,전북 정읍시고창군,22
8X15119P,윤한홍,국민의힘,남,3선,경남 창원시마산회원구,22
M0A1658U,윤호중,더불어민주당,남,5선,경기 구리시,22
O7R5461J,윤후덕,더불어민주당,남,4선,경기 파주시갑,22
AEO5706C,이강일,더불어민주당,남,초선,충북 청주시상당구,22
I7R13867,이개호,더불어민주당,남,4선,전남 담양군함평군영광군장성군,22
7YC6702R,이건태,더불어민주당,남,초선,경기 부천시병,22
95J3282H,이광희,더불어민주당,남,초선,충북 청주시서원구,22
W3U3344O,이기헌,더불어민주당,남,초선,경기 고양시병,22
ROS6754L,이달희,국민의힘,여,초선,비례대표,22
OSV9142K,이만희,국민의힘,남,3선,경북 영천시청도군,22
HFV52269,이병진,더불어민주당,남,초선,경기 평택시을,22
W8W95421,이상식,더불어민주당,남,초선,경기 용인시갑,22
8L52480G,이상휘,국민의힘,남,초선,경북 포항시남구울릉군,22
WXJ8352N,이성권,국민의힘,남,재선,부산 사하구갑,22
N2P9317N,이성윤,더불어민주당,남,초선,전북 전주시을,22
WTR5885Y,이소영,더불어민주당,여,재선,경기 의왕시과천시,22
0R68099X,이수진,더불어민주당,여,재선,경기 성남시중원구,22
S9U45255,이양수,국민의힘,남,3선,강원 속초시인제군고성군양양군,22
JG77046J,이언주,더불어민주당,여,3선,경기 용인시정,22
EBH1101V,이연희,더불어민주당,남,초선,충북 청주시흥덕구,22
9JF4562W,이용선,더불어민주당,남,재선,서울 양천구을,22
6K79158C,이용우,더불어민주당,남,초선,인천 서구을,22
DAV7257X,이원택,더불어민주당,남,재선,전북 군산시김제시부안군을,22
DWK26447,이인선,국민의힘,여,재선,대구 수성구을,22
3ZR4438W,이인영,더불어민주당,남,5선,서울 구로구갑,22
3LP22204,이재강,더불어민주당,남,초선,경기 의정부시을,22
RKS3658I,이재관,더불어민주당,남,초선,충남 천안시을,22
IUD9392R,이재명,더불어민주당,남,재선,인천 계양구을,22
UQ282145,이재정,더불어민주당,여,3선,경기 안양시동안구을,22
O0I2045I,이정문,더불어민주당,남,재선,충남 천안시병,22
5762459L,이정헌,더불어민주당,남,초선,서울 광진구갑,22
HSW1214Q,이종배,국민의힘,남,4선,충북 충주시,22
NLS46526,이종욱,국민의힘,남,초선,경남 창원시진해구,22
WI719547,이주영,개혁신당,여,초선,비례대표,22
QWL7778X,이준석,개혁신당,남,초선,경기 화성시을,22
TZP9391O,이철규,국민의힘,남,3선,강원 동해시태백시삼척시정선군,22
V2R7430Z,이춘석,더불어민주당,남,4선,전북 익산시갑,22
K5F2023J,이학영,더불어민주당,남,4선,경기 군포시,22
0698755I,이해민,조국혁신당,여,초선,비례대표,22
CCU1009B,이해식,더불어민주당,남,재선,서울 강동구을,22
EVH1507C,이헌승,국민의힘,남,4선,부산 부산진구을,22
2S73768V,이훈기,더불어민주당,남,초선,인천 남동구을,22
B7789327,인요한,국민의힘,남,초선,비례대표,22
CST4991F,임광현,더불어민주당,남,초선,비례대표,22
X639721U,임미애,더불어민주당,여,초선,비례대표,22
4T026790,임오경,더불어민주당,여,재선,경기 광명시갑,22
EH27538E,임이자,국민의힘,여,3선,경북 상주시문경시 ,22
RAJ1024Z,임종득,국민의힘,남,초선,경북 영주시영양군봉화군,22
FH777496,임호선,더불어민주당,남,재선,충북 증평군진천군음성군,22
RPN2293B,장경태,더불어민주당,남,재선,서울 동대문구을,22
KFM1081G,장동혁,국민의힘,남,재선,충남 보령시서천군,22
CIZ8557P,장종태,더불어민주당,남,초선,대전 서구갑,22
2NV6751W,장철민,더불어민주당,남,재선,대전 동구,22
TJW93720,전용기,더불어민주당,남,재선,경기 화성시정,22
9YO73104,전재수,더불어민주당,남,3선,부산 북구갑,22
P8A4624C,전종덕,진보당,여,초선,비례대표,22
QUR40502,전진숙,더불어민주당,여,초선,광주 북구을,22
25G2571T,전현희,더불어민주당,여,3선,서울 중구성동구갑,22
DAY6557K,정동만,국민의힘,남,재선,부산 기장군,22
ARP89147,정동영,더불어민주당,남,5선,전북 전주시병,22
CGW7415Z,정성국,국민의힘,남,초선,부산 부산진구갑,22
V429892C,정성호,더불어민주당,남,5선,경기 동두천시양주시연천군갑,22
8XE7026P,정연욱,국민의힘,남,초선,부산 수영구,22
NA61091D,정을호,더불어민주당,남,초선,비례대표,22
LT72093S,정일영,더불어민주당,남,재선,인천 연수구을,22
LJK4960Z,정점식,국민의힘,남,3선,경남 통영시고성군,22
IC499858,정준호,더불어민주당,남,초선,광주 북구갑,22
9HE7226N,정진욱,더불어민주당,남,초선,광주 동구남구갑,22
2385336L,정청래,더불어민주당,남,4선,서울 마포구을,22
XG348314,정춘생,조국혁신당,여,초선,비례대표,22
UHB5553T,정태호,더불어민주당,남,재선,서울 관악구을,22
BNV6535N,정혜경,진보당,여,초선,비례대표,22
PFG2137X,정희용,국민의힘,남,재선,경북 고령군성주군칠곡군,22
5KV82250,조경태,국민의힘,남,6선,부산 사하구을,22
8TU8443O,조계원,더불어민주당,남,초선,전남 여수시을,22
T3E4932G,조국,조국혁신당,남,초선,비례대표,22
IWK63872,조배숙,국민의힘,여,5선,비례대표,22
FYI20317,조승래,더불어민주당,남,3선,대전 유성구갑,22
ME83002L,조승환,국민의힘,남,초선,부산 중구영도구,22
MQU41854,조은희,국민의힘,여,재선,서울 서초구갑,22
ZKB18611,조인철,더불어민주당,남,초선,광주 서구갑,22
IN328264,조정식,더불어민주당,남,6선,경기 시흥시을,22
WJL30106,조정훈,국민의힘,남,재선,서울 마포구갑,22
3NI5978A,조지연,국민의힘,여,초선,경북 경산시,22
GJK57930,주진우,국민의힘,남,초선,부산 해운대구갑,22
T465023H,주철현,더불어민주당,남,재선,전남 여수시갑,22
8SV6917G,주호영,국민의힘,남,6선,대구 수성구갑,22
68P7228G,진선미,더불어민주당,여,4선,서울 강동구갑,22
3C23171A,진성준,더불어민주당,남,3선,서울 강서구을,22
QDU1100U,진종오,국민의힘,남,초선,비례대표,22
KNP22261,차규근,조국혁신당,남,초선,비례대표,22
RC885085,차지호,더불어민주당,남,초선,경기 오산시,22
1S05899F,채현일,더불어민주당,남,초선,서울 영등포구갑,22
A494529E,천준호,더불어민주당,남,재선,서울 강북구갑,22
YGB8604T,천하람,개혁신당,남,초선,비례대표,22
I5I2468R,최기상,더불어민주당,남,재선,서울 금천구,22
YS38221N,최민희,더불어민주당,여,재선,경기 남양주시갑,22
UOS16250,최보윤,국민의힘,여,초선,비례대표,22
WJG74792,최수진,국민의힘,여,초선,비례대표,22
UF53617M,최은석,국민의힘,남,초선,대구 동구군위군갑,22
A0P4646G,최형두,국민의힘,남,재선,경남 창원시마산합포구,22
G152611B,추경호,국민의힘,남,3선,대구 달성군,22
URV1689Q,추미애,더불어민주당,여,6선,경기 하남시갑,22
JQA21112,한기호,국민의힘,남,4선,강원 춘천시철원군화천군양구군을,22
8JG4358H,한민수,더불어민주당,남,초선,서울 강북구을,22
H5476989,한병도,더불어민주당,남,3선,전북 익산시을 ,22
XPP2564T,한정애,더불어민주당,여,4선,서울 강서구병,22
BCQ55105,한준호,더불어민주당,남,재선,경기 고양시을,22
Q918403D,한지아,국민의힘,여,초선,비례대표,22
T4I4862D,한창민,사회민주당,남,초선,비례대표,22
HHB5652A,허성무,더불어민주당,남,초선,경남 창원시성산구,22
FU53642G,허영,더불어민주당,남,재선,강원 춘천시철원군화천군양구군갑,22
VCP96419,허종식,더불어민주당,남,재선,인천 동구미추홀구갑,22
5MD4184K,홍기원,더불어민주당,남,재선,경기 평택시갑,22
RJH6314D,황명선,더불어민주당,남,초선,충남 논산시계룡시금산군,22
0YT3774N,황운하,조국혁신당,남,재선,비례대표,22
T6A6557F,황정아,더불어민주당,여,초선,대전 유성구을,22
0VU8517U,황희,더불어민주당,남,3선,서울 양천구갑,22
14M56632,강기윤,국민의힘,남,재선,경남 창원시성산구,21
P2N50879,강민정,더불어민주당,여,초선,비례대표,21
60490713,강병원,더불어민주당,남,재선,서울 은평구을,21
6FS10566,강성희,진보당,남,초선,전북 전주시을,21
WMG57662,강은미,정의당,여,초선,비례대표,21
4XG1439M,고영인,더불어민주당,남,초선,경기 안산시단원구갑,21
6V37131U,고용진,더불어민주당,남,재선,서울 노원구갑,21
MHK9919B,곽상도,무소속,남,재선,대구 중구남구,21
E9R4507P,권명호,국민의힘,남,초선,울산 동구,21
YKW37422,권은희,국민의힘,여,3선,비례대표,21
3TO11703,권인숙,더불어민주당,여,초선,비례대표,21
B7R2742J,기동민,더불어민주당,남,재선,서울 성북구을,21
1BX7234U,김경만,더불어민주당,남,초선,비례대표,21
ZKU88693,김경협,더불어민주당,남,3선,경기 부천시갑,21
C835799S,김근태,국민의힘,남,초선,비례대표,21
QHL3248U,김남국,더불어민주당,남,초선,경기 안산시단원구을,21
CI15627C,김두관,더불어민주당,남,재선,경남 양산시을,21
NTT8182Q,김민기,더불어민주당,남,3선,경기 용인시을,21
6399076T,김민철,더불어민주당,남,초선,경기 의정부시을,21
GFF1986K,김병욱,더불어민주당,남,재선,경기 성남시분당구을,21
KB04377U,김병욱,국민의힘,남,초선,경북 포항시남구울릉군,21
UGH6481E,김상희,더불어민주당,여,4선,경기 부천시병,21
2UD1340H,김성주,더불어민주당,남,재선,전북 전주시병,21
L7T64271,김수흥,더불어민주당,남,초선,전북 익산시갑,21
P2N4585G,김승남,더불어민주당,남,재선,전남 고흥군보성군장흥군강진군,21
LBC8144B,김영선,국민의힘,여,5선,경남 창원시의창구,21
IOW1101J,김영식,국민의힘,남,초선,경북 구미시을,21
0W194007,김영주,국민의힘,여,4선,서울 영등포구갑,21
SVH3899R,김용판,국민의힘,남,초선,대구 달서구병,21
LQW3652K,김웅,국민의힘,남,초선,서울 송파구갑,21
MSO2590I,김은희,국민의힘,여,초선,비례대표,21
FIC9046Z,김의겸,더불어민주당,남,초선,비례대표,21
LNR7932L,김진애,열린민주당,여,재선,비례대표,21
Q9H5708M,김진표,무소속,남,5선,경기 수원시무,21
1MU99298,김철민,더불어민주당,남,재선,경기 안산시상록구을,21
TVF3669B,김태흠,국민의힘,남,3선,충남 보령시서천군,21
F5U2979W,김학용,국민의힘,남,4선,경기 안성시,21
09I2323E,김한정,더불어민주당,남,재선,경기 남양주시을,21
PO64874I,김홍걸,더불어민주당,남,초선,비례대표,21
M6H1705E,김회재,더불어민주당,남,초선,전남 여수시을,21
52P3934K,김희곤,국민의힘,남,초선,부산 동래구,21
6AR6743G,김희국,국민의힘,남,재선,경북 군위군의성군청송군영덕군,21
JVB6983V,노용호,국민의힘,남,초선,비례대표,21
0827740Q,노웅래,더불어민주당,남,4선,서울 마포구갑,21
J2O8643H,도종환,더불어민주당,남,3선,충북 청주시흥덕구,21
8VY63414,류성걸,국민의힘,남,재선,대구 동구갑,21
NCP9875N,류호정,정의당,여,초선,비례대표,21
K3W33496,박광온,더불어민주당,남,3선,경기 수원시정,21
B7H6207C,박대수,국민의힘,남,초선,비례대표,21
BLC8630L,박병석,더불어민주당,남,6선,대전 서구갑,21
DAN6731C,박성중,국민의힘,남,재선,서울 서초구을,21
40S1959J,박영순,새로운미래,남,초선,대전 대덕구,21
D0C85236,박완수,국민의힘,남,재선,경남 창원시의창구,21
A3H7195R,박완주,무소속,남,3선,충남 천안시을,21
PEP6922S,박용진,더불어민주당,남,재선,서울 강북구을,21
QUO78839,박재호,더불어민주당,남,재선,부산 남구을,21
QKO6165V,박진,국민의힘,남,4선,서울 강남구을,21
A2V51235,배진교,정의당,남,초선,비례대표,21
MO52543L,변재일,더불어민주당,남,5선,충북 청주시청원구,21
0PK7354M,서동용,더불어민주당,남,초선,전남 순천시광양시곡성군구례군을,21
CT85313K,서병수,국민의힘,남,5선,부산 부산진구갑,21
WFU14784,서정숙,국민의힘,여,초선,비례대표,21
OW53107J,설훈,새로운미래,남,5선,경기 부천시을,21
17M85910,소병철,더불어민주당,남,초선,전남 순천시광양시곡성군구례군갑,21
RD42006Y,송갑석,더불어민주당,남,재선,광주 서구갑,21
PAO22428,송영길,더불어민주당,남,5선,인천 계양구을,21
LM13674V,송재호,더불어민주당,남,초선,제주 제주시갑,21
G1570880,신동근,더불어민주당,남,재선,인천 서구을,21
SRP7336N,신원식,국민의힘,남,초선,비례대표,21
F5Y4026Q,신현영,더불어민주당,여,초선,비례대표,21
SU53086M,심상정,정의당,여,4선,경기 고양시갑,21
ZA54991S,안민석,더불어민주당,남,5선,경기 오산시,21
6MO8786S,안병길,국민의힘,남,초선,부산 서구동구,21
DV77269P,양경규,정의당,남,초선,비례대표,21
9V18755A,양경숙,더불어민주당,여,초선,비례대표,21
VG24001G,양금희,국민의힘,여,초선,대구 북구갑,21
KUO3574J,양기대,더불어민주당,남,초선,경기 광명시을,21
7O71647Z,양이원영,더불어민주당,여,초선,비례대표,21
PZA4062H,양정숙,개혁신당,여,초선,비례대표,21
WHV3448W,양향자,개혁신당,여,초선,광주 서구을,21
MY318392,오영환,새로운미래,남,초선,경기 의정부시갑,21
21N57758,오영훈,더불어민주당,남,재선,제주 제주시을,21
V0O5343U,우상호,더불어민주당,남,4선,서울 서대문구갑,21
F0I5053J,우신구,국민의힘,남,초선,비례대표,21
9L57027L,유경준,국민의힘,남,초선,서울 강남구병,21
8FC9697X,유기홍,더불어민주당,남,3선,서울 관악구갑,21
MRK4871S,유의동,국민의힘,남,3선,경기 평택시을,21
0WL9321T,유정주,더불어민주당,여,초선,비례대표,21
JMY9959W,윤관석,무소속,남,3선,인천 남동구을,21
7JC3239L,윤두현,국민의힘,남,초선,경북 경산시,21
KNM3215T,윤미향,무소속,여,초선,비례대표,21
KFS1358P,윤영덕,더불어민주당,남,초선,광주 동구남구갑,21
XWX1513T,윤영찬,더불어민주당,남,초선,경기 성남시중원구,21
SE233396,윤재갑,더불어민주당,남,초선,전남 해남군완도군진도군,21
ZDP5704Q,윤주경,국민의힘,여,초선,비례대표,21
40E3739H,윤창현,국민의힘,남,초선,비례대표,21
IUL4848V,윤희숙,국민의힘,여,초선,서울 서초구갑,21
4A067125,이광재,더불어민주당,남,3선,"강원 태백시,영월,평창,정선군",21
AE685067,이규민,더불어민주당,남,초선,경기 안성시,21
0767470D,이낙연,더불어민주당,남,5선,전남 담양군함평군영광군장성군,21
QUM8288K,이달곤,국민의힘,남,재선,경남 창원시진해구,21
RO593601,이동주,더불어민주당,남,초선,비례대표,21
6YT83269,이명수,국민의힘,남,4선,충남 아산시갑,21
HKJ99607,이병훈,더불어민주당,남,초선,광주 동구남구을,21
ZYH1940A,이상민,국민의힘,남,5선,대전 유성구을,21
CFE3998F,이상직,무소속,남,재선,전북 전주시완산구을,21
WVU2479T,이상헌,무소속,남,재선,울산 북구,21
8KF7223D,이성만,무소속,남,초선,인천 부평구갑,21
D4L60530,이수진,무소속,여,초선,서울 동작구을,21
1X376850,이영,국민의힘,여,초선,비례대표,21
5UN9725L,이용,국민의힘,남,초선,비례대표,21
GKD32201,이용빈,더불어민주당,남,초선,광주 광산구갑,21
G7512472,이용우,더불어민주당,남,초선,경기 고양시정,21
DBA1057Z,이용호,국민의힘,남,재선,전북 남원시임실군순창군,21
16D7652C,이원욱,개혁신당,남,3선,경기 화성시을,21
W1Q6753M,이은주,정의당,여,초선,비례대표,21
SZ51175J,이자스민,정의당,여,재선,비례대표,21
7I09543O,이장섭,더불어민주당,남,초선,충북 청주시서원구,21
FDC3144T,이종성,국민의힘,남,초선,비례대표,21
3RW63706,이주환,국민의힘,남,초선,부산 연제구,21
WDS6044S,이채익,국민의힘,남,3선,울산 남구갑,21
9S151177,이탄희,더불어민주당,남,초선,경기 용인시정,21
QTW6852F,이태규,국민의힘,남,재선,비례대표,21
IOW8224X,이형석,더불어민주당,남,초선,광주 북구을,21
UM51067K,인재근,더불어민주당,여,3선,서울 도봉구갑,21
NLR6572J,임병헌,국민의힘,남,초선,대구 중구남구,21
E6U4345C,임종성,더불어민주당,남,재선,경기 광주시을,21
CZB4125D,장제원,국민의힘,남,3선,부산 사상구,21
GAV6441G,장혜영,정의당,여,초선,비례대표,21
DPZ7685X,전봉민,국민의힘,남,초선,부산 수영구,21
71J2365L,전주혜,국민의힘,여,초선,비례대표,21
BM63269Y,전해철,더불어민주당,남,3선,경기 안산시상록구갑,21
N9X9673B,전혜숙,무소속,여,3선,서울 광진구갑,21
USR7059P,정경희,국민의힘,여,초선,비례대표,21
VHK3402G,정우택,국민의힘,남,5선,충북 청주시상당구,21
NZF1659U,정운천,국민의힘,남,재선,비례대표,21
TP066860,정정순,더불어민주당,남,초선,충북 청주시상당구,21
NQR1206Q,정진석,국민의힘,남,5선,충남 공주시부여군청양군,21
SBK1544B,정찬민,국민의힘,남,초선,경기 용인시갑,21
MD083627,정춘숙,더불어민주당,여,재선,경기 용인시병,21
3425169D,정필모,더불어민주당,남,초선,비례대표,21
S741317G,조명희,국민의힘,여,초선,비례대표,21
YLS4431M,조수진,국민의힘,여,초선,비례대표,21
25I8709Q,조오섭,더불어민주당,남,초선,광주 북구갑,21
CDL93608,조응천,개혁신당,남,재선,경기 남양주시갑,21
I434361W,조태용,국민의힘,남,초선,비례대표,21
Z6R3959C,조해진,국민의힘,남,3선,경남 밀양시의령군함안군창녕군,21
Y7K5946R,지성호,국민의힘,남,초선,비례대표,21
ICH23251,최강욱,더불어민주당,남,초선,비례대표,21
M7T9712V,최승재,국민의힘,남,초선,비례대표,21
8VJ8533R,최연숙,국민의힘,여,초선,비례대표,21
YTA7297R,최영희,국민의힘,여,초선,비례대표,21
LPB30152,최인호,더불어민주당,남,재선,부산 사하구갑,21
6RM29022,최재형,국민의힘,남,초선,서울 종로구,21
Z7Y7827F,최종윤,더불어민주당,남,초선,경기 하남시,21
3DK8989T,최춘식,국민의힘,남,초선,경기 포천시가평군,21
QD25323M,최혜영,더불어민주당,여,초선,비례대표,21
XJC13432,태영호,국민의힘,남,초선,서울 강남구갑,21
FGI27280,하영제,무소속,남,초선,경남 사천시남해군하동군,21
I0S53762,하태경,국민의힘,남,3선,부산 해운대구갑,21
UB114374,한무경,국민의힘,여,초선,비례대표,21
NCO99988,허숙정,더불어민주당,여,초선,비례대표,21
66W6739S,허은아,국민의힘,여,초선,비례대표,21
GD131760,홍문표,국민의힘,남,4선,충남 홍성군예산군,21
EMC8812P,홍석준,국민의힘,남,초선,대구 달서구갑,21
2N793392,홍성국,더불어민주당,남,초선,세종특별자치시갑,21
KR14136C,홍영표,새로운미래,남,4선,인천 부평구을,21
FRN1867O,홍익표,더불어민주당,남,3선,서울 중구성동구갑,21
XA42275R,홍정민,더불어민주당,여,초선,경기 고양시병,21
NAL4555X,홍준표,국민의힘,남,5선,서울 동대문구을,21
J9S37905,황보승희,자유통일당,여,초선,부산 중구영도구,21
XQ98168F,강길부,무소속,남,4선,울산 울주군,20
IH436704,강석진,미래통합당,남,초선,경남 산청군함양군거창군합천군,20
8I61593E,강석호,미래통합당,남,3선,경북 영양군영덕군봉화군울진군,20
TOU1222X,강창일,더불어민주당,남,4선,제주 제주시갑,20
9WQ7845Z,강효상,미래통합당,남,초선,비례대표,20
23D73143,경대수,미래통합당,남,재선,충북 증평군진천군음성군,20
Q6A9034Q,곽대훈,무소속,남,초선,대구 달서구갑,20
RH454994,권미혁,더불어민주당,여,초선,비례대표,20
O149331C,권석창,자유한국당,남,초선,충북 제천시단양군,20
QZR19240,금태섭,더불어민주당,남,초선,서울 강서구갑,20
PP08673W,김경수,더불어민주당,남,초선,경남 김해시을,20
YVN3115U,김경진,무소속,남,초선,광주 북구갑,20
W168182V,김관영,무소속,남,재선,전북 군산시,20
MGE7194M,김광림,미래통합당,남,3선,경북 안동시,20
3NM5411H,김광수,무소속,남,초선,전북 전주시갑,20
OC037566,김규환,미래한국당,남,초선,비례대표,20
NNP30098,김기선,미래한국당,남,재선,강원 원주시갑,20
DCR84445,김동철,민생당,남,4선,광주 광산구갑,20
9EA39580,김명연,미래통합당,남,재선,경기 안산시단원구갑,20
SNJ6318D,김무성,미래통합당,남,6선,부산 중구영도구,20
QB390802,김병관,더불어민주당,남,초선,경기 성남시분당구갑,20
UIZ3103R,김부겸,더불어민주당,남,4선,대구 수성구갑,20
ZL32287Z,김삼화,민생당,여,초선,비례대표,20
DTG4846A,김선동,미래통합당,남,재선,서울 도봉구을,20
GXT11570,김성수,더불어민주당,남,초선,비례대표,20
RCF90176,김성식,무소속,남,재선,서울 관악구갑,20
PAB29217,김성찬,미래한국당,남,재선,경남 창원시진해구,20
BQS2021C,김성태,미래통합당,남,3선,서울 강서구을,20
9UW75767,김성태,미래통합당,남,초선,비례대표,20
2WQ6656P,김세연,미래통합당,남,3선,부산 금정구,20
5K343700,김수민,민생당,여,초선,비례대표,20
7KD2317D,김순례,미래한국당,여,초선,비례대표,20
8WC7967F,김승희,미래한국당,여,초선,비례대표,20
PLR62452,김영우,미래통합당,남,3선,경기 포천시가평군,20
TWL5801D,김영춘,더불어민주당,남,3선,부산 부산진구갑,20
AMF4093D,김용태,미래통합당,남,3선,서울 양천구을,20
M3Z17237,김재경,미래통합당,남,4선,경남 진주시을,20
QZU9232M,김재원,미래통합당,남,3선,경북 상주시군위군의성군청송군,20
6RP89579,김정우,더불어민주당,남,초선,경기 군포시갑,20
64G6894C,김정훈,미래한국당,남,4선,부산 남구갑,20
I0F2578R,김종대,정의당,남,초선,비례대표,20
06X3845L,김종석,미래한국당,남,초선,비례대표,20
E5N8503B,김종인,더불어민주당,남,5선,비례대표,20
K1Y45873,김종태,새누리당,남,재선,경북 상주시군위군의성군청송군,20
HTK5293K,김종회,무소속,남,초선,전북 김제시부안군,20
A935446Z,김종훈,민중당,남,초선,울산 동구,20
SY09851R,김중로,민생당,남,초선,비례대표,20
N6C1899K,김진태,미래통합당,남,재선,강원 춘천시,20
YBM9779M,김한표,미래통합당,남,재선,경남 거제시,20
6QU2958D,김해영,더불어민주당,남,초선,부산 연제구,20
MPV9321A,김현권,더불어민주당,남,초선,비례대표,20
9XB6464U,김현미,더불어민주당,여,3선,경기 고양시정,20
CXA6162I,김현아,미래통합당,여,초선,비례대표,20
GN240959,노회찬,정의당,남,3선,경남 창원시성산구,20
TGL10010,문미옥,더불어민주당,여,초선,비례대표,20
WV97281W,문진국,미래한국당,남,초선,비례대표,20
IYD4143Y,문희상,무소속,남,6선,경기 의정부시갑,20
Y3E8697I,민경욱,미래통합당,남,초선,인천 연수구을,20
39P2522W,민병두,무소속,남,3선,서울 동대문구을,20
JMD3241I,박경미,더불어민주당,여,초선,비례대표,20
24E9427D,박남춘,더불어민주당,남,재선,인천 남동구갑,20
EUR98126,박맹우,미래한국당,남,재선,울산 남구을,20
OTE19384,박명재,미래통합당,남,재선,경북 포항시남구울릉군,20
MC32279F,박선숙,민생당,여,재선,비례대표,20
YLM92014,박순자,미래통합당,여,3선,경기 안산시단원구을,20
S8431719,박영선,더불어민주당,여,4선,서울 구로구을,20
IQ54138I,박인숙,미래통합당,여,재선,서울 송파구갑,20
XT18076X,박주선,민생당,남,4선,광주 동구남구을,20
UDB4825U,박주현,민생당,여,초선,비례대표,20
8EL9225R,박준영,민주평화당,남,초선,전남 영암군무안군신안군,20
8T51904N,박찬우,자유한국당,남,초선,충남 천안시갑,20
9CR4440H,배덕광,자유한국당,남,재선,부산 해운대구을,20
O0G3169T,백승주,미래한국당,남,초선,경북 구미시갑,20
8DK7238W,백재현,더불어민주당,남,3선,경기 광명시갑,20
4Y54669I,서청원,우리공화당,남,8선,경기 화성시갑,20
6N28669V,서형수,더불어민주당,남,초선,경남 양산시을,20
A8O42480,손금주,더불어민주당,남,초선,전남 나주시화순군,20
ZBX31520,손혜원,열린민주당,여,초선,서울 마포구을,20
7BV5480O,송기석,국민의당,남,초선,광주 서구갑,20
1PZ8289D,송희경,미래한국당,여,초선,비례대표,20
BN49469V,신경민,더불어민주당,남,재선,서울 영등포구을,20
HE838063,신보라,미래통합당,여,초선,비례대표,20
71M8132V,신상진,미래통합당,남,4선,경기 성남시중원구,20
MTK2954E,신용현,민생당,여,초선,비례대표,20
WYC63862,신창현,더불어민주당,남,초선,경기 의왕시과천시,20
9414335X,심기준,더불어민주당,남,초선,비례대표,20
VXQ28579,심재권,더불어민주당,남,3선,서울 강동구을,20
FGX4881A,심재철,미래통합당,남,5선,경기 안양시동안구을,20
A486635H,안상수,미래통합당,남,3선,인천 중구동구강화군옹진군,20
TIS61927,양승조,더불어민주당,남,4선,충남 천안시병,20
B6F5266B,엄용수,자유한국당,남,초선,경남 밀양시의령군함안군창녕군,20
QKY38290,여상규,미래한국당,남,3선,경남 사천시남해군하동군,20
B751170H,여영국,정의당,남,초선,경남 창원시성산구,20
SSF6805Q,염동열,미래한국당,남,재선,강원 태백시횡성군영월군평창군정선군,20
M6K7940A,오세정,바른미래당,남,초선,비례대표,20
H337332S,오신환,미래통합당,남,재선,서울 관악구을,20
SVH30067,오제세,더불어민주당,남,4선,충북 청주시서원구,20
TZD17894,원유철,미래한국당,남,5선,경기 평택시갑,20
6DG91769,원혜영,더불어민주당,남,5선,경기 부천시오정구,20
CAL85655,유기준,미래통합당,남,4선,부산 서구동구,20
I5V5327I,유민봉,미래통합당,남,초선,비례대표,20
I7Z3068X,유성엽,민생당,남,3선,전북 정읍시고창군,20
PWU27609,유승민,미래통합당,남,4선,대구 동구을,20
9BE5694R,유승희,더불어민주당,여,3선,서울 성북구갑,20
5CO4531H,유은혜,더불어민주당,여,재선,경기 고양시병,20
SEK1881Q,유재중,미래통합당,남,3선,부산 수영구,20
LDY9563L,윤상직,미래통합당,남,초선,부산 기장군,20
8X46899U,윤소하,정의당,남,초선,비례대표,20
U9G5099O,윤영일,민생당,남,초선,전남 해남군완도군진도군,20
5DR6334X,윤일규,더불어민주당,남,초선,충남 천안시병,20
Q6G2914I,윤종필,미래한국당,여,초선,비례대표,20
7W35098M,윤준호,더불어민주당,남,초선,부산 해운대구을,20
0135473I,이군현,자유한국당,남,4선,경남 통영시고성군,20
9FL71418,이규희,더불어민주당,남,초선,충남 천안시갑,20
OQO34632,이동섭,민생당,남,초선,비례대표,20
JWW6081H,이상돈,민생당,남,초선,비례대표,20
GMK1374L,이석현,더불어민주당,남,6선,경기 안양시동안구갑,20
R7N74579,이수혁,더불어민주당,남,초선,비례대표,20
8WV8289I,이완영,자유한국당,남,재선,경북 고령군성주군칠곡군,20
ABT2266H,이용득,더불어민주당,남,초선,비례대표,20
X9Y63914,이용주,무소속,남,초선,전남 여수시갑,20
0582116P,이우현,자유한국당,남,재선,경기 용인시갑,20
DVD2735W,이은권,미래통합당,남,초선,대전 중구,20
IQN7588X,이은재,무소속,여,재선,서울 강남구병,20
2SE64657,이장우,미래통합당,남,재선,대전 동구,20
IUE5875N,이정미,정의당,여,초선,비례대표,20
7AN97172,이정현,무소속,남,3선,전남 순천시,20
WDR7061Y,이종걸,더불어민주당,남,5선,경기 안양시만안구,20
2XI97689,이종구,미래통합당,남,3선,서울 강남구갑,20
11N7618M,이종명,미래한국당,남,초선,비례대표,20
8IN46764,이주영,미래통합당,남,5선,경남 창원시마산합포구,20
0ID22746,이진복,미래통합당,남,3선,부산 동래구,20
BWD92364,이찬열,미래통합당,남,3선,경기 수원시갑,20
NS06841K,이철우,자유한국당,남,3선,경북 김천시,20
LSK9789D,이철희,더불어민주당,남,초선,비례대표,20
AJV31724,이학재,미래통합당,남,3선,인천 서구갑,20
9ZP9014Q,이해찬,더불어민주당,남,7선,세종특별자치시,20
MBS2896E,이현재,무소속,남,재선,경기 하남시,20
LCJ77278,이혜훈,미래통합당,여,3선,서울 서초구갑,20
QXD2505Y,이후삼,더불어민주당,남,초선,충북 제천시단양군,20
BTP28870,이훈,더불어민주당,남,초선,서울 금천구,20
BIR8594P,임재훈,민생당,남,초선,비례대표,20
V8I36226,장병완,민생당,남,3선,광주 동구남구갑,20
WNN9272X,장석춘,미래한국당,남,초선,경북 구미시을,20
0AI7568W,장정숙,민생당,여,초선,비례대표,20
QZF33498,전희경,미래통합당,여,초선,비례대표,20
CYD5815E,정갑윤,미래통합당,남,5선,울산 중구,20
P303213F,정병국,미래통합당,남,5선,경기 여주시양평군,20
DCN7433W,정세균,더불어민주당,남,6선,서울 종로구,20
0E97245Y,정양석,미래통합당,남,재선,서울 강북구갑,20
ZGA4092Y,정용기,미래통합당,남,재선,대전 대덕구,20
0GF6251P,정유섭,미래통합당,남,초선,인천 부평구갑,20
DQL3007B,정은혜,더불어민주당,여,초선,비례대표,20
DKB8522X,정인화,무소속,남,초선,전남 광양시곡성군구례군,20
9S468336,정재호,더불어민주당,남,초선,경기 고양시을,20
CJX51868,정종섭,미래통합당,남,초선,대구 동구갑,20
06571503,정태옥,무소속,남,초선,대구 북구갑,20
8KB8281W,제윤경,더불어민주당,여,초선,비례대표,20
VNF2868Z,조원진,우리공화당,남,3선,대구 달서구병,20
D397960C,조훈현,미래한국당,남,초선,비례대표,20
AFQ26679,주광덕,미래통합당,남,재선,경기 남양주시병,20
GCA42857,주승용,민생당,남,4선,전남 여수시을,20
5HG31863,지상욱,미래통합당,남,초선,서울 중구성동구을,20
IDV9108J,진영,더불어민주당,남,4선,서울 용산구,20
GDN7894V,채이배,민생당,남,초선,비례대표,20
3SP89633,천정배,민생당,남,6선,광주 서구을,20
FJ03481D,최경환,자유한국당,남,4선,경북 경산시,20
KA04352K,최경환,민생당,남,초선,광주 북구을,20
TO79481Z,최교일,미래통합당,남,초선,경북 영주시문경시예천군,20
O8E1566L,최도자,민생당,여,초선,비례대표,20
U013741R,최명길,국민의당,남,초선,서울 송파구을,20
16I8621J,최연혜,미래통합당,여,초선,비례대표,20
ZJI5740K,최운열,더불어민주당,남,초선,비례대표,20
VE469451,최재성,더불어민주당,남,4선,서울 송파구을,20
XTB3104O,추혜선,정의당,여,초선,비례대표,20
EX94352K,표창원,더불어민주당,남,초선,경기 용인시정,20
ZX71333R,한선교,미래한국당,남,4선,경기 용인시병,20
1KD95875,함진규,미래통합당,남,재선,경기 시흥시갑,20
3UZ61136,허윤정,더불어민주당,여,초선,비례대표,20
T2K9554I,홍문종,친박신당,남,4선,경기 의정부시을,20
GW55008L,홍의락,더불어민주당,남,재선,대구 북구을,20
06L2365K,홍일표,미래통합당,남,3선,인천 남구갑,20
R365233W,홍철호,미래통합당,남,재선,경기 김포시을,20
C7Z8238W,황영철,자유한국당,남,3선,강원 홍천군철원군화천군양구군인제군,20
JOY4394O,황주홍,민생당,남,재선,전남 고흥군보성군장흥군강진군,20
1PK82111,강기정,더불어민주당,남,3선,광주 북구갑,19
1WP9325U,강동원,무소속,남,초선,전북 남원시순창군,19
ZX891805,강석훈,새누리당,남,초선,서울 서초구을,19
3MR75193,강은희,새누리당,여,초선,비례대표,19
PAQ11014,강창희,새누리당,남,6선,대전 중구,19
OIU86868,고희선,새누리당,남,재선,경기 화성시갑,19
PFM7673W,권은희,무소속,여,초선,대구 북구갑,19
N4B7983W,길정우,새누리당,남,초선,서울 양천구갑,19
9LK1769G,김광진,더불어민주당,남,초선,비례대표,19
U168240U,김근태,새누리당,남,초선,충남 부여군청양군,19
EC57622S,김기식,더불어민주당,남,초선,비례대표,19
YNC4052A,김기준,더불어민주당,남,초선,비례대표,19
NKU2941B,김동완,새누리당,남,초선,충남 당진시,19
DW737223,김미희,통합진보당,여,초선,경기 성남시중원구,19
WXO1612R,김상민,새누리당,남,초선,비례대표,19
ZC87486D,김선동,통합진보당,남,재선,전남 순천시곡성군,19
3O66539X,김성곤,더불어민주당,남,4선,전남 여수시갑,19
5JA4781U,김영록,더불어민주당,남,재선,전남 해남군완도군진도군,19
E6S73230,김영주,새누리당,남,초선,비례대표,19
1C04271Z,김영환,국민의당,남,4선,경기 안산시상록구을,19
2796588I,김용남,새누리당,남,초선,경기 수원시병,19
ZP141168,김용익,더불어민주당,남,초선,비례대표,19
N3Q3468A,김우남,더불어민주당,남,3선,제주 제주시을,19
3538970J,김을동,새누리당,여,재선,서울 송파구병,19
CHN4172Q,김장실,새누리당,남,초선,비례대표,19
S7O71101,김재연,통합진보당,여,초선,비례대표,19
R724713H,김재윤,새정치민주연합,남,3선,제주 서귀포시,19
XZT48020,김정록,새누리당,남,초선,비례대표,19
06K9071F,김제남,정의당,여,초선,비례대표,19
5Z47834I,김제식,새누리당,남,초선,충남 서산시태안군,19
6V68130W,김종훈,새누리당,남,초선,서울 강남구을,19
QZG38143,김춘진,더불어민주당,남,3선,전북 고창군부안군,19
LXP1076C,김태원,새누리당,남,재선,경기 고양시덕양구을,19
PMU9608V,김태환,무소속,남,3선,경북 구미시을,19
1ZF7922T,김한길,국민의당,남,4선,서울 광진구갑,19
LGG10412,김현숙,새누리당,여,초선,비례대표,19
1O81498A,김형태,무소속,남,초선,경북 포항시남구울릉군,19
1QC51111,김회선,새누리당,남,초선,서울 서초구갑,19
IRQ5741O,나성린,새누리당,남,재선,부산 부산진구갑,19
EI023764,남경필,새누리당,남,5선,경기 수원시병,19
XBJ9297Q,노영민,더불어민주당,남,3선,충북 청주시흥덕구을,19
CKH5381Y,노철래,새누리당,남,재선,경기 광주시,19
EJS5449A,류지영,새누리당,여,초선,비례대표,19
V4P1608C,문대성,새누리당,남,초선,부산 사하구갑,19
RYL1698T,문병호,국민의당,남,재선,인천 부평구갑,19
8D298611,문재인,더불어민주당,남,초선,부산 사상구,19
3EF4589Q,문정림,새누리당,여,초선,비례대표,19
PTC5301T,민병주,새누리당,여,초선,비례대표,19
97C8328D,민현주,새누리당,여,초선,비례대표,19
4HB8518T,박근혜,새누리당,여,5선,비례대표,19
3ZP1685J,박기춘,무소속,남,3선,경기 남양주시을,19
DSU7667M,박대동,새누리당,남,초선,울산 북구,19
J8545024,박민수,더불어민주당,남,초선,전북 진안군무주군장수군임실군,19
P318485D,박민식,새누리당,남,재선,부산 북구강서구갑,19
RK22879B,박상은,새누리당,남,재선,인천 중구동구옹진군,19
9HH8057S,박성호,새누리당,남,초선,경남 창원시의창구,19
TS24083U,박성효,새누리당,남,초선,대전 대덕구,19
RO47676W,박원석,정의당,남,초선,비례대표,19
54Q4619H,박윤옥,새누리당,여,초선,비례대표,19
WAL2715Z,박창식,새누리당,남,초선,비례대표,19
0A02586D,박혜자,더불어민주당,여,초선,광주 서구갑,19
AIP8367M,배기운,새정치민주연합,남,재선,전남 나주시화순군,19
VWJ7674Q,배재정,더불어민주당,여,초선,비례대표,19
Y4896106,백군기,더불어민주당,남,초선,비례대표,19
92I3002P,부좌현,국민의당,남,초선,경기 안산시단원구을,19
6PK53823,서기호,정의당,남,초선,비례대표,19
Z206474J,서상기,새누리당,남,3선,대구 북구을,19
8V02734T,서용교,새누리당,남,초선,부산 남구을,19
4I848418,성완종,새누리당,남,초선,충남 서산시태안군,19
WCN6711J,손인춘,새누리당,여,초선,비례대표,19
LJJ52334,송광호,새누리당,남,4선,충북 제천시단양군,19
4CH4157I,송영근,새누리당,남,초선,비례대표,19
YUV9402W,송호창,더불어민주당,남,초선,경기 의왕시과천시,19
LAU79556,신경림,새누리당,여,초선,비례대표,19
S2C3781V,신계륜,더불어민주당,남,4선,서울 성북구을,19
E2O7996B,신기남,민주당,남,4선,서울 강서구갑,19
EED3932M,신동우,새누리당,남,초선,서울 강동구갑,19
8GH3836P,신문식,더불어민주당,남,초선,비례대표,19
KKD3190X,신의진,새누리당,여,초선,비례대표,19
5XZ8670E,신장용,민주당,남,초선,경기 수원시을,19
QT984813,신학용,국민의당,남,3선,인천 계양구갑,19
NR221895,심윤조,새누리당,남,초선,서울 강남구갑,19
FY756149,심학봉,무소속,남,초선,경북 구미시갑,19
6YO6092T,안덕수,새누리당,남,초선,인천 서구강화군을,19
96A2025Q,안종범,새누리당,남,초선,비례대표,19
FPX1564S,안홍준,새누리당,남,3선,경남 창원시마산회원구,19
0XK21509,안효대,새누리당,남,재선,울산 동구,19
F363102R,양창영,새누리당,남,초선,비례대표,19
2LY1272R,오병윤,통합진보당,남,초선,광주 서구을,19
OK55632O,오영식,더불어민주당,남,3선,서울 강북구갑,19
R7753197,우윤근,더불어민주당,남,3선,전남 광양시구례군,19
BUA6864N,유대운,더불어민주당,남,초선,서울 강북구을,19
05179989,유승우,무소속,남,초선,경기 이천시,19
VO548788,유인태,더불어민주당,남,3선,서울 도봉구을,19
DMR40160,유일호,새누리당,남,재선,서울 송파구을,19
63J3777V,유정복,새누리당,남,3선,경기 김포시,19
YB364276,윤금순,통합진보당,여,초선,비례대표,19
ETV7396M,윤명희,새누리당,여,초선,비례대표,19
S7E4736F,윤진식,새누리당,남,재선,충북 충주시,19
G8Y72423,은수미,더불어민주당,여,초선,비례대표,19
1599843H,이강후,새누리당,남,초선,강원 원주시을,19
BHA7868N,이노근,새누리당,남,초선,서울 노원구갑,19
SBQ65245,이만우,새누리당,남,초선,비례대표,19
V822582Y,이목희,더불어민주당,남,재선,서울 금천구,19
EBU8493R,이미경,더불어민주당,여,5선,서울 은평구갑,19
D7L1937J,이병석,새누리당,남,4선,경북 포항시북구,19
XC039067,이상규,통합진보당,남,초선,서울 관악구을,19
ZPC8171Z,이상일,새누리당,남,초선,비례대표,19
9FZ9424U,이석기,통합진보당,남,초선,비례대표,19
C8L89785,이에리사,새누리당,여,초선,비례대표,19
WCA3290J,이완구,새누리당,남,3선,충남 부여군청양군,19
DN76694L,이용섭,새정치민주연합,남,재선,광주 광산구을,19
FI898377,이운룡,새누리당,남,초선,비례대표,19
0667420L,이윤석,무소속,남,재선,전남 무안군신안군,19
XYI1730O,이이재,새누리당,남,초선,강원 동해시삼척시,19
HJI9845B,이인제,새누리당,남,6선,충남 논산시계룡시금산군,19
W136716J,이재균,새누리당,남,초선,부산 영도구,19
URQ4401W,이재영,새누리당,남,초선,비례대표,19
1XO42697,이재영,새누리당,남,초선,경기 평택시을,19
NDH62175,이재오,무소속,남,5선,서울 은평구을,19
D3V12361,이종진,새누리당,남,초선,대구 달성군,19
ZBL82850,이종훈,새누리당,남,초선,경기 성남시분당구갑,19
XGQ9659R,이한구,새누리당,남,4선,대구 수성구갑,19
SAA7309Q,이한성,새누리당,남,재선,경북 문경시예천군,19
Z7S62260,임내현,국민의당,남,초선,광주 북구을,19
WQ12168I,임수경,더불어민주당,여,초선,비례대표,19
2QE48823,장윤석,새누리당,남,3선,경북 영주시,19
YSL5919D,장정은,새누리당,여,초선,비례대표,19
SPF4589S,장하나,더불어민주당,여,초선,비례대표,19
NG55346W,전병헌,더불어민주당,남,3선,서울 동작구갑,19
MOW97559,전순옥,더불어민주당,여,초선,비례대표,19
0WM96169,전정희,국민의당,여,초선,전북 익산시을 ,19
1TX50241,전하진,새누리당,남,초선,경기 성남시분당구을,19
EIV1009T,정두언,새누리당,남,3선,서울 서대문구을,19
5YX7831C,정몽준,새누리당,남,7선,서울 동작구을,19
39938231,정문헌,새누리당,남,재선,강원 속초시고성군양양군,19
OTR59398,정미경,새누리당,여,재선,경기 수원시을,19
IUZ2177I,정수성,새누리당,남,재선,경북 경주시,19
SE71196I,정윤숙,새누리당,여,초선,비례대표,19
V1849655,정의화,무소속,남,5선,부산 중구동구,19
T7Q3589Y,정진후,정의당,남,초선,비례대표,19
V772925Y,정호준,국민의당,남,초선,서울 중구,19
JR141579,정희수,새누리당,남,3선,경북 영천시,19
TBB59984,조명철,새누리당,남,초선,비례대표,19
SIL7886Y,조현룡,새누리당,남,초선,경남 의령군함안군합천군,19
AHO78623,주영순,새누리당,남,초선,비례대표,19
53Y1887H,최규성,더불어민주당,남,3선,전북 김제시완주군,19
KM010870,최동익,더불어민주당,남,초선,비례대표,19
0X75519K,최봉홍,새누리당,남,초선,비례대표,19
EOY55268,최원식,국민의당,남,초선,인천 계양구을,19
2Z21631Z,최재천,무소속,남,재선,서울 성동구갑,19
PYP5878A,한명숙,새정치민주연합,여,3선,비례대표,19
9I451000,현영희,무소속,여,초선,비례대표,19
BEF9073K,홍종학,더불어민주당,남,초선,비례대표,19
Z5V67692,홍지만,새누리당,남,초선,대구 달서구갑,19
Q5X4506F,황우여,새누리당,남,5선,인천 연수구,19
QF159955,황인자,새누리당,여,초선,비례대표,19
RUW8681N,황진하,새누리당,남,3선,경기 파주시을,19
X0R95148,강기갑,통합진보당,남,재선,경남 사천시,18
OSC50359,강명순,새누리당,여,초선,비례대표,18
7PU7009N,강봉균,무소속,남,3선,전북 군산시,18
2ML68608,강성종,민주통합당,남,재선,경기 의정부시을,18
H8S93115,강성천,새누리당,남,초선,비례대표,18
P2G3854D,강용석,무소속,남,초선,서울 마포구을,18
9YV1627V,강운태,민주당,남,재선,광주 남구,18
IU54544T,고승덕,새누리당,남,초선,서울 서초구을,18
JGX8852O,고흥길,새누리당,남,3선,경기 성남시분당구갑,18
99J1216Q,공성진,한나라당,남,재선,서울 강남구을,18
C0V2172Q,곽정숙,통합진보당,여,초선,비례대표,18
99O59850,구본철,한나라당,남,초선,인천 부평구을,18
4NU4867S,구상찬,새누리당,남,초선,서울 강서구갑,18
1MB8686B,권경석,새누리당,남,재선,경남 창원시갑,18
SOB8871D,권선택,자유선진당,남,재선,대전 중구,18
3TF1550T,권영길,통합진보당,남,재선,경남 창원시을,18
6GI61964,권택기,새누리당,남,초선,서울 광진구갑,18
J1G1329F,김금래,한나라당,여,초선,비례대표,18
SSH8397C,김낙성,자유선진당,남,재선,충남 당진군,18
5KI6669W,김노식,친박연대,남,재선,비례대표,18
0AQ3265T,김동성,새누리당,남,초선,서울 성동구을,18
C4T1051R,김성동,새누리당,남,초선,비례대표,18
M7I8728R,김성수,새누리당,남,초선,"경기 양주시,동두천시",18
P6Q6720D,김성순,민주통합당,남,재선,서울 송파구병,18
DYN10119,김성조,무소속,남,3선,경북 구미시갑,18
BEJ7022K,김성회,새누리당,남,초선,경기 화성시갑,18
NFR83567,김세웅,민주당,남,초선,전북 전주시덕진구,18
JOM36883,김소남,새누리당,여,초선,비례대표,18
BCO6264C,김영진,민주통합당,남,5선,광주 서구을,18
RSE18860,김옥이,새누리당,여,초선,비례대표,18
U8D30778,김용구,자유선진당,남,초선,비례대표,18
QNI3781H,김유정,민주통합당,여,초선,비례대표,18
UY23844S,김일윤,무소속,남,5선,경북 경주시,18
H6Z15266,김장수,새누리당,남,초선,비례대표,18
IKQ8876M,김재균,무소속,남,초선,광주 북구을,18
CZN3813Q,김정,새누리당,여,초선,비례대표,18
X316937B,김정권,새누리당,남,재선,경남 김해시갑,18
AFM9947E,김종률,민주당,남,재선,"충북 증평,진천,괴산,음성군",18
DTX6052I,김창수,무소속,남,초선,대전 대덕구,18
ERX2058H,김충조,민주통합당,남,5선,비례대표,18
H0G8409H,김충환,새누리당,남,재선,서울 강동구갑,18
KDL4367Q,김학송,새누리당,남,3선,경남 진해시,18
CRW93712,김학재,민주통합당,남,초선,비례대표,18
4MX3134T,김형오,새누리당,남,5선,부산 영도구,18
WYI5610U,김혜성,새누리당,여,초선,비례대표,18
UDB9699P,김호연,새누리당,남,초선,충남 천안시을,18
UIN2835Q,김효석,민주통합당,남,3선,전남 담양군곡성군구례군,18
NYV25701,김효재,무소속,남,초선,서울 성북구을,18
BGF3673X,김희철,무소속,남,초선,서울 관악구을,18
1FK74463,류근찬,자유선진당,남,재선,충남 보령시서천군,18
6UE9476K,문국현,창조한국당,남,초선,서울 은평구을,18
K3672835,문학진,민주통합당,남,재선,경기 하남시,18
S0S7941O,박대해,새누리당,남,초선,부산 연제구,18
XJT56751,박보환,새누리당,남,초선,경기 화성시을,18
WNQ9029K,박상돈,자유선진당,남,재선,충남 천안시을,18
MHE1145A,박상천,민주통합당,남,5선,"전남 고흥군,보성군",18
C6R4461P,박선영,자유선진당,여,초선,비례대표,18
ILN1240B,박영아,새누리당,여,초선,서울 송파구갑,18
Z344466I,박우순,민주통합당,남,초선,강원 원주시,18
7GP7701F,박은수,민주통합당,남,초선,비례대표,18
44936542,박종근,새누리당,남,4선,대구 달서구갑,18
IVT5000L,박종희,한나라당,남,재선,경기 수원시장안구,18
W1W1462T,박준선,새누리당,남,초선,경기 용인시기흥구,18
FSN5613H,박희태,새누리당,남,6선,경남 양산시,18
IBT51219,배영식,무소속,남,초선,"대구 중구,남구",18
JBM92636,배은희,새누리당,여,초선,비례대표,18
TVF5566E,백성운,새누리당,남,초선,경기 고양시일산동구,18
TA88758O,백원우,민주통합당,남,재선,경기 시흥시갑,18
BJW1335W,변웅전,자유선진당,남,3선,"충남 서산시,태안군",18
V8Y41572,서갑원,민주당,남,재선,전남 순천시,18
4B859597,서종표,민주통합당,남,초선,비례대표,18
RG97851G,선경식,창조한국당,남,초선,비례대표,18
4T21524D,성윤환,무소속,남,초선,경북 상주시,18
PVV68260,손범규,새누리당,남,초선,경기 고양시덕양구갑,18
INO4490Y,손숙미,새누리당,여,초선,비례대표,18
FND7010Q,손학규,민주통합당,남,4선,경기 성남시분당구을,18
A1M4510O,송민순,민주통합당,남,초선,비례대표,18
PHE6239O,송영선,새누리당,여,재선,비례대표,18
AQZ80083,송훈석,민주통합당,남,3선,강원 속초시고성군양양군,18
8QG6926L,신건,무소속,남,초선,전북 전주시완산구갑,18
21U3017N,신낙균,민주통합당,여,재선,비례대표,18
7XM9484U,신영수,새누리당,남,초선,경기 성남시수정구,18
3D684981,신지호,새누리당,남,초선,서울 도봉구갑,18
4G45218X,심대평,자유선진당,남,재선,충남 공주시연기군,18
ZF959220,안경률,새누리당,남,3선,부산 해운대구기장군을,18
ACS7139Z,안상수,새누리당,남,4선,경기 의왕시과천시,18
L726240M,안형환,새누리당,남,초선,서울 금천구,18
X1E79772,양정례,친박연대,여,초선,비례대표,18
GFO6700V,우제창,민주통합당,남,재선,경기 용인시처인구,18
1EL35837,원희룡,새누리당,남,3선,서울 양천구갑,18
4D93608C,원희목,새누리당,남,초선,비례대표,18
SKV1971K,유선호,민주통합당,남,3선,전남 장흥군강진군영암군,18
UCD59119,유원일,창조한국당,남,초선,비례대표,18
3EW5478Q,유정현,무소속,남,초선,서울 중랑구갑,18
Q3X5279D,윤두환,한나라당,남,3선,울산 북구,18
GW154990,윤상일,새누리당,남,초선,비례대표,18
S312791R,윤석용,새누리당,남,초선,서울 강동구을,18
DGR8579Q,윤영,새누리당,남,초선,경남 거제시,18
QM028409,이강래,민주통합당,남,3선,전북 남원시순창군,18
H6577987,이경재,새누리당,남,4선,인천 서구강화군을,18
D0K32445,이계진,한나라당,남,재선,강원 원주시,18
EIV1883J,이두아,새누리당,여,초선,비례대표,18
04H1337G,이명규,무소속,남,재선,대구 북구갑,18
WMY7084J,이무영,무소속,남,초선,전북 전주시완산구갑,18
4Z38561R,이범관,새누리당,남,초선,경기 이천시여주군,18
ZHD57353,이범래,새누리당,남,초선,서울 구로구갑,18
QG36879J,이사철,새누리당,남,재선,경기 부천시원미구을,18
ZG482421,이상권,새누리당,남,초선,인천 계양구을,18
RLG4231U,이상득,새누리당,남,6선,경북 포항시남구울릉군,18
SPY40975,이성남,민주통합당,여,초선,비례대표,18
LZQ7860L,이성헌,새누리당,남,재선,서울 서대문구갑,18
8G72444I,이시종,민주당,남,재선,충북 충주시,18
JVR5259R,이애주,새누리당,여,초선,비례대표,18
8TG3670K,이영애,자유선진당,여,초선,비례대표,18
PU97362N,이영애,새누리당,여,초선,비례대표,18
HC725148,이용경,창조한국당,남,초선,비례대표,18
GBP60233,이용삼,민주당,남,4선,"강원 철원,화천,양구,인제군",18
8BY8620U,이용희,민주통합당,남,5선,충북 보은군옥천군영동군,18
NET6850O,이윤성,무소속,남,4선,인천 남동구갑,18
6MT5042E,이인기,새누리당,남,3선,경북 고령군성주군칠곡군,18
DDK4008U,이재선,자유선진당,남,3선,대전 서구을,18
3RK46312,이정선,새누리당,여,초선,비례대표,18
A5D8747O,이정희,통합진보당,여,초선,비례대표,18
M8T3316Q,이종혁,새누리당,남,초선,부산 부산진구을,18
LR83348R,이진삼,무소속,남,초선,"충남 부여군,청양군",18
LZW5716C,이춘식,새누리당,남,초선,비례대표,18
LIR7134B,이한정,창조한국당,남,초선,비례대표,18
RVD1966C,이해봉,새누리당,남,4선,대구 달서구을,18
L3P9125A,이화수,새누리당,남,초선,경기 안산시상록구갑,18
0P85685J,이회창,무소속,남,3선,충남 홍성군예산군,18
9MG6704Y,임동규,새누리당,남,초선,비례대표,18
7NN1740A,임두성,한나라당,남,초선,비례대표,18
DX05874I,임영호,자유선진당,남,초선,대전 동구,18
PJ76653N,임태희,무소속,남,3선,경기 성남시분당구을,18
34Y32105,임해규,새누리당,남,재선,경기 부천시원미구갑,18
JUM9212Y,장광근,새누리당,남,3선,서울 동대문구갑,18
1U115589,장세환,민주통합당,남,초선,전북 전주시완산구을,18
NH229893,전여옥,국민생각,여,재선,서울 영등포구갑,18
0WH9705X,전재희,새누리당,여,3선,경기 광명시을,18
A523052O,정국교,민주당,남,초선,비례대표,18
LHG6788P,정범구,민주통합당,남,재선,충북 증평군진천군괴산군음성군,18
ZB494869,정영희,새누리당,여,초선,비례대표,18
OSM57783,정옥임,새누리당,여,초선,비례대표,18
GKV4796M,정장선,민주통합당,남,3선,경기 평택시을,18
PTC64957,정진섭,새누리당,남,재선,경기 광주시,18
HY29614Q,정태근,무소속,남,초선,서울 성북구갑,18
HJG1284F,정하균,새누리당,남,초선,비례대표,18
0GX8381G,정해걸,새누리당,남,초선,"경북 군위군,의성군,청송군",18
L3981924,조문환,새누리당,남,초선,비례대표,18
RE32613N,조순형,자유선진당,남,7선,비례대표,18
NBF6548X,조승수,통합진보당,남,재선,울산 북구,18
8JS3570T,조영택,무소속,남,초선,광주 서구갑,18
D8O8176K,조윤선,새누리당,여,초선,비례대표,18
6SQ9031K,조전혁,새누리당,남,초선,인천 남동구을,18
THS8807E,조진래,새누리당,남,초선,경남 의령군함안군합천군,18
1G96387U,조진형,새누리당,남,3선,인천 부평구갑,18
EWR39555,주성영,새누리당,남,재선,대구 동구갑,18
S3072602,진성호,무소속,남,초선,서울 중랑구을,18
PPY48864,진수희,새누리당,여,재선,서울 성동구갑,18
54B18425,차명진,새누리당,남,재선,경기 부천시소사구,18
FP15333B,최경희,새누리당,여,초선,비례대표,18
DGA8069B,최구식,무소속,남,재선,경남 진주시갑,18
K8Q3437F,최규식,민주통합당,남,재선,서울 강북구을,18
I3B8061W,최문순,민주당,남,초선,비례대표,18
RN65198P,최병국,무소속,남,3선,울산 남구갑,18
T8H6713N,최연희,무소속,남,4선,강원 동해시삼척시,18
W0E4362P,최영희,민주통합당,여,초선,비례대표,18
MPQ32684,최욱철,무소속,남,3선,강원 강릉시,18
L3X8851C,최인기,무소속,남,재선,전남 나주시화순군,18
SCA7983X,최종원,민주통합당,남,초선,강원 태백시영월군평창군정선군,18
0Y39862U,최철국,민주당,남,재선,경남 김해시을,18
9DF85543,허범도,한나라당,남,초선,경남 양산시,18
M8X1458S,허원제,새누리당,남,초선,부산 부산진구갑,18
ZAD6422F,허천,무소속,남,재선,강원 춘천시,18
OE127272,허태열,새누리당,남,3선,부산 북구강서구을,18
DQ92548C,현경병,한나라당,남,초선,서울 노원구갑,18
TJT1453B,현기환,새누리당,남,초선,부산 사하구갑,18
BW19186J,홍사덕,새누리당,남,6선,대구 서구,18
VBE6017U,홍장표,한나라당,남,초선,경기 안산시상록구을,18
YKA9050K,홍재형,민주통합당,남,3선,충북 청주시상당구,18
ALY71988,홍정욱,새누리당,남,초선,서울 노원구병,18
37K34903,홍희덕,통합진보당,남,초선,비례대표,18
